dataset_label,file_name,variable,source_route,country_code_type,role,concept,higher_is_better_later
OECD_RD_GDP,OECD_RD_GDP_2002_2025.csv,rd_gdp,OECD_REST,ISO3,final_ordering_input,R&D expenditure as % of GDP,True
OECD_Inflation_CPI,OECD_Inflation_CPI_2002_2025.csv,inflation_cpi,OECD_REST,ISO3,validation_or_sensitivity_input,"CPI inflation, annual growth rate",False
OECD_Unemployment_Rate,OECD_Unemployment_Rate_2002_2025.csv,unemployment_rate,OECD_REST,ISO3,final_ordering_input_and_validation_input,"Unemployment rate, total sex and total age",False
OECD_Tertiary_Education,OECD_Tertiary_Education_2002_2025.csv,tertiary_education_25_64,OECD_REST,ISO3,final_ordering_input,"Adult tertiary educational attainment, age 25–64",True
OECD_Productivity_GDP_per_Hour,OECD_Productivity_GDP_per_Hour_2002_2025.csv,productivity_gdp_per_hour,DBNOMICS_OECD_MIRROR,ISO3,validation_or_sensitivity_input,"GDP per hour worked, constant prices",True
OECD_GDP_Growth,OECD_GDP_Growth_2002_2025.csv,gdp_growth,DBNOMICS_OECD_MIRROR,ISO3,recovery_and_validation_input,Real GDP growth rate,True
Eurostat_Public_Debt_GDP,Eurostat_Public_Debt_GDP_2002_2025.csv,public_debt_gdp_eurostat,EUROSTAT_API,EUROSTAT_GEO,public_debt_source_input,General government gross debt as % of GDP,False
WorldBank_Public_Debt_GDP,WorldBank_Public_Debt_GDP_2002_2025.csv,public_debt_gdp_worldbank,WORLD_BANK_API,ISO3,public_debt_source_input,Central government debt as % of GDP,False
WorldBank_Energy_Import_Dependency_Raw,WorldBank_Energy_Import_Dependency_Raw_2002_2025.csv,energy_import_dependency_raw,WORLD_BANK_API,ISO3,final_ordering_input,"Energy imports, net % of energy use",False
